<?xml version="1.0" encoding="UTF-8"?>
<beans xmlns="http://www.springframework.org/schema/beans"
	xmlns:xsi="http://www.w3.org/2001/XMLSchema-instance"
	xmlns:aop="http://www.springframework.org/schema/aop"
	xmlns:context="http://www.springframework.org/schema/context"
	xsi:schemaLocation="http://www.springframework.org/schema/beans https://www.springframework.org/schema/beans/spring-beans.xsd
		http://www.springframework.org/schema/context http://www.springframework.org/schema/context/spring-context-4.3.xsd
		http://www.springframework.org/schema/aop http://www.springframework.org/schema/aop/spring-aop-4.3.xsd">

	<!-- Root Context: defines shared resources visible to all other web components -->
	<!-- DataSource 빈 등록 -->
	<bean id="dataSource"
		class="org.springframework.jdbc.datasource.SimpleDriverDataSource">
		<property value="com.mysql.cj.jdbc.Driver" name="driverClass"></property>
		<property
			value="jdbc:mysql://localhost:3306/train?serverTimezone=UTC"
			name="url"></property>
		<property value="ssafy" name="username"></property>
		<property value="ssafy" name="password"></property>
	</bean>

	<context:component-scan
		base-package="com.ssafy.mvc.model,com.ssafy.mvc.aop"></context:component-scan>

	<!-- 빈 등록 시 자동으로 프록시 객체 생성가능하게 해줌(Pointcut으로 지정된 클래스의 경우) -->
	<aop:aspectj-autoproxy></aop:aspectj-autoproxy>
</beans>
