<?xml version="1.0" encoding="UTF-8"?>
<!DOCTYPE mapper PUBLIC "-//mybatis.org//DTD Mapper 3.0//EN" 
    "http://mybatis.org/dtd/mybatis-3-mapper.dtd">
    
<mapper namespace="com.ssafy.mvc.model.mapper.CarMapper">
	<select id="selectCarList" resultType="Car">
		select *
		from car;
	</select>
	
	<insert id="registCar" parameterType="Car">
		insert into car
		values (#{number}, #{model}, #{price}, #{brand})
	</insert>
	
	<insert id="insertFileInfo" parameterType="Car">
		insert into fileInfo (number, saveFolder, saveFile, originFile)
		values (#{fileInfo.number}, #{fileInfo.saveFolder}, #{fileInfo.saveFile}, #{fileInfo.originFile})
	</insert>
	
	<select id="selectDetail" parameterType="int" resultType="Car" resultMap="CarFile">
		select *
		from (
			select c.number, model, price, brand, f.number f_number, saveFolder, originFile, saveFile
			from car c
			left outer join fileinfo f
			on c.number = f.number) t
		where t.number = #{number};
	</select>
	<resultMap type="Car" id="CarFile">
		<id column="number" property="number"/>
		<result column="model" property="model"/>
		<result column="price" property="price"/>
		<result column="brand" property="brand"/>
		
		<association property="fileInfo" javaType="FileInfo">
			<id column="f_number" property="number"/>
			<result column="saveFolder" property="saveFolder"/>
			<result column="originFile" property="originFile"/>
			<result column="saveFile" property="saveFile"/>
		</association>
	</resultMap>
</mapper>